condition,kind,severity,colour_id,raw_srgb_r,raw_srgb_g,raw_srgb_b,display_srgb_r,display_srgb_g,display_srgb_b,clipped_r,clipped_g,clipped_b
protan20,protan,20,orange,0.852962297725,0.634021787101,-0.0692356136112,0.852962297725,0.634021787101,0.0,False,False,True
protan20,protan,20,vermillion,0.752475971122,0.406377293051,-0.0484519663555,0.752475971122,0.406377293051,0.0,False,False,True
protan40,protan,40,orange,0.813739271105,0.638704872781,-0.126524731985,0.813739271105,0.638704872781,0.0,False,False,True
protan40,protan,40,vermillion,0.682519382748,0.426062616588,-0.0786415033524,0.682519382748,0.426062616588,0.0,False,False,True
protan60,protan,60,orange,0.780695662561,0.639996268612,-0.17548205349,0.780695662561,0.639996268612,0.0,False,False,True
protan60,protan,60,vermillion,0.620130171499,0.436333089697,-0.0960678595899,0.620130171499,0.436333089697,0.0,False,False,True
protan80,protan,80,orange,0.751769265677,0.639130654132,-0.218013157439,0.751769265677,0.639130654132,0.0,False,False,True
protan80,protan,80,vermillion,0.561946668175,0.44098025403,-0.103623591909,0.561946668175,0.44098025403,0.0,False,False,True
protan100,protan,100,orange,0.725683518066,0.63680909969,-0.255219496261,0.725683518066,0.63680909969,0.0,False,False,True
protan100,protan,100,vermillion,0.505478827931,0.441962600209,-0.102956562531,0.505478827931,0.441962600209,0.0,False,False,True
deutan20,deutan,20,orange,0.861084226717,0.649952891368,-0.00192922907007,0.861084226717,0.649952891368,0.0,False,False,True
deutan20,deutan,20,vermillion,0.762304015025,0.436378584796,-0.032542762224,0.762304015025,0.436378584796,0.0,False,False,True
deutan40,deutan,40,vermillion,0.709793806321,0.478041611929,-0.047087267666,0.709793806321,0.478041611929,0.0,False,False,True
deutan60,deutan,60,vermillion,0.67075372741,0.507481618579,-0.0509046793207,0.67075372741,0.507481618579,0.0,False,False,True
deutan80,deutan,80,vermillion,0.641197266361,0.530081206456,-0.0476920420839,0.641197266361,0.530081206456,0.0,False,False,True
deutan100,deutan,100,vermillion,0.61864598798,0.548432861821,-0.0395158124338,0.61864598798,0.548432861821,0.0,False,False,True
tritan100,tritan,100,sky_blue,-0.825179875899,0.759729968077,0.775800482646,0.0,0.759729968077,0.775800482646,True,False,False
tritan100,tritan,100,bluish_green,-0.735040230988,0.620960469884,0.57350177114,0.0,0.620960469884,0.57350177114,True,False,False
tritan100,tritan,100,yellow,1.01079882599,0.833323990501,0.771756909133,1.0,0.833323990501,0.771756909133,True,False,False
tritan100,tritan,100,blue,-1.19519215254,0.50886593338,0.5387067272,0.0,0.50886593338,0.5387067272,True,False,False
