condition,kind,severity,relationship,count,minimum,maximum,mean,median,std
normal,normal,0,ungrouped,28,21.7253105904,88.4206432243,48.6448167264,49.4878838611,14.6038845826
protan20,protan,20,ungrouped,28,17.989617479,87.9921806126,45.9413354347,47.8266233659,15.0630515602
protan40,protan,40,ungrouped,28,15.9451847032,87.5832563534,43.7932821318,44.2620746309,15.858846526
protan60,protan,60,ungrouped,28,15.0275552146,87.1896878836,42.1409150095,42.7584278469,16.5192911912
protan80,protan,80,ungrouped,28,14.8557265687,86.8092110789,40.885457842,42.1316747796,17.241321327
protan100,protan,100,ungrouped,28,12.2470987982,86.4410303322,40.2523436266,41.662570853,17.8492102966
deutan20,deutan,20,ungrouped,28,16.9617909546,88.6253886372,45.7950675223,48.0645863852,15.451191814
deutan40,deutan,40,ungrouped,28,14.2743514557,88.8446753986,43.7229895452,42.8280796378,16.5504888909
deutan60,deutan,60,ungrouped,28,12.7933874078,89.0729004229,42.2130957941,40.4619502656,17.3955436152
deutan80,deutan,80,ungrouped,28,12.0048909892,89.3072788267,41.1004295942,38.8313460497,18.2460506996
deutan100,deutan,100,ungrouped,28,11.605194513,89.5464207441,40.4949085984,37.2532797294,19.1298847668
tritan100,tritan,100,ungrouped,28,10.8681929693,83.8647485316,43.7451030683,49.7909290226,20.0132606303
grayscale,grayscale,0,ungrouped,28,0.602205628435,83.8256028427,23.210447151,14.2874212175,19.7182008191
