condition,kind,severity,colour1,colour2,group1,group2,relationship,delta_e_00,delta_l
normal,normal,0,orange,sky_blue,,,ungrouped,53.6156375507822,0.7805203684762034
normal,normal,0,orange,bluish_green,,,ungrouped,42.86794063833983,12.864545030238162
normal,normal,0,orange,yellow,,,ungrouped,21.72531059043406,18.506118455890388
normal,normal,0,orange,blue,,,ungrouped,55.34808410109453,24.63428361743457
normal,normal,0,orange,vermillion,,,ungrouped,22.24102658876673,16.420202081878344
normal,normal,0,orange,reddish_purple,,,ungrouped,49.009955696123065,9.5602704001588
normal,normal,0,orange,black,,,ungrouped,64.73479898359233,70.60762637435987
normal,normal,0,sky_blue,bluish_green,,,ungrouped,34.694061126282854,12.084024661761958
normal,normal,0,sky_blue,yellow,,,ungrouped,57.52986114234155,19.28663882436659
normal,normal,0,sky_blue,blue,,,ungrouped,22.30874312698109,23.853763248958366
normal,normal,0,sky_blue,vermillion,,,ungrouped,52.26466419825026,15.63968171340214
normal,normal,0,sky_blue,reddish_purple,,,ungrouped,45.49771184198984,8.779750031682596
normal,normal,0,sky_blue,black,,,ungrouped,60.95456517479065,69.82710600588366
normal,normal,0,bluish_green,yellow,,,ungrouped,38.04154704683027,31.37066348612855
normal,normal,0,bluish_green,blue,,,ungrouped,38.40489742429827,11.769738587196407
normal,normal,0,bluish_green,vermillion,,,ungrouped,54.36294154223316,3.555657051640182
normal,normal,0,bluish_green,reddish_purple,,,ungrouped,63.45050351599406,3.3042746300793624
normal,normal,0,bluish_green,black,,,ungrouped,50.51050507106675,57.743081344121705
normal,normal,0,yellow,blue,,,ungrouped,70.3683112225495,43.14040207332496
normal,normal,0,yellow,vermillion,,,ungrouped,43.71519267983416,34.92632053776873
normal,normal,0,yellow,reddish_purple,,,ungrouped,62.54185339368643,28.066388856049187
normal,normal,0,yellow,black,,,ungrouped,88.4206432242728,89.11374483025025
normal,normal,0,blue,vermillion,,,ungrouped,49.621239648886906,8.214081535556225
normal,normal,0,blue,reddish_purple,,,ungrouped,41.09895960905924,15.07401321727577
normal,normal,0,blue,black,,,ungrouped,39.234834794066145,45.9733427569253
normal,normal,0,vermillion,reddish_purple,,,ungrouped,37.023035365660995,6.859931681719544
normal,normal,0,vermillion,black,,,ungrouped,49.354528073382866,54.18742429248152
normal,normal,0,reddish_purple,black,,,ungrouped,53.11351496850346,61.04735597420107
protan20,protan,20,orange,sky_blue,,,ungrouped,54.86835753808793,0.6294873866902435
protan20,protan,20,orange,bluish_green,,,ungrouped,34.89740460213047,11.588024158667793
protan20,protan,20,orange,yellow,,,ungrouped,17.989617479004476,18.937646917414583
protan20,protan,20,orange,blue,,,ungrouped,55.28437805480514,23.20304429482332
protan20,protan,20,orange,vermillion,,,ungrouped,20.40824244227476,16.89598351732073
protan20,protan,20,orange,reddish_purple,,,ungrouped,48.44904260194533,9.419825207661376
protan20,protan,20,orange,black,,,ungrouped,63.79280822462567,69.86356418773181
protan20,protan,20,sky_blue,bluish_green,,,ungrouped,35.11478162820408,12.217511545358036
protan20,protan,20,sky_blue,yellow,,,ungrouped,58.62751266755563,18.30815953072434
protan20,protan,20,sky_blue,blue,,,ungrouped,21.666262989763712,23.832531681513565
protan20,protan,20,sky_blue,vermillion,,,ungrouped,49.00578148010274,17.525470904010973
protan20,protan,20,sky_blue,reddish_purple,,,ungrouped,35.32290801360078,10.049312594351619
protan20,protan,20,sky_blue,black,,,ungrouped,61.369288928454694,70.49305157442205
protan20,protan,20,bluish_green,yellow,,,ungrouped,35.2395175568207,30.525671076082375
protan20,protan,20,bluish_green,blue,,,ungrouped,38.15545203507644,11.615020136155529
protan20,protan,20,bluish_green,vermillion,,,ungrouped,42.018021325586325,5.307959358652937
protan20,protan,20,bluish_green,reddish_purple,,,ungrouped,50.147280167736604,2.168198951006417
protan20,protan,20,bluish_green,black,,,ungrouped,49.67571316921101,58.27554002906402
protan20,protan,20,yellow,blue,,,ungrouped,70.25763754199623,42.140691212237904
protan20,protan,20,yellow,vermillion,,,ungrouped,38.06011745618979,35.83363043473531
protan20,protan,20,yellow,reddish_purple,,,ungrouped,58.54374955624541,28.357472125075958
protan20,protan,20,yellow,black,,,ungrouped,87.99218061260666,88.8012111051464
protan20,protan,20,blue,vermillion,,,ungrouped,47.99252021388352,6.307060777502592
protan20,protan,20,blue,reddish_purple,,,ungrouped,33.679668136184894,13.783219087161946
protan20,protan,20,blue,black,,,ungrouped,39.61902051364902,46.66051989290849
protan20,protan,20,vermillion,reddish_purple,,,ungrouped,39.04502209291386,7.476158309659354
protan20,protan,20,vermillion,black,,,ungrouped,47.66072651800562,52.96758067041108
protan20,protan,20,reddish_purple,black,,,ungrouped,51.47437862387071,60.443738980070435
protan40,protan,40,orange,sky_blue,,,ungrouped,48.57748706809346,2.0453763838810346
protan40,protan,40,orange,bluish_green,,,ungrouped,28.695397283931356,10.293595802833835
protan40,protan,40,orange,yellow,,,ungrouped,15.945184703199367,19.391214160740645
protan40,protan,40,orange,blue,,,ungrouped,55.4198908382949,21.77337605935751
protan40,protan,40,orange,vermillion,,,ungrouped,18.83863604611027,17.4172644853534
protan40,protan,40,orange,reddish_purple,,,ungrouped,47.394938819376215,9.280811906180404
protan40,protan,40,orange,black,,,ungrouped,62.888090154418975,69.10199508193388
protan40,protan,40,sky_blue,bluish_green,,,ungrouped,35.82002589021496,12.33897218671487
protan40,protan,40,sky_blue,yellow,,,ungrouped,59.119721885445536,17.34583777685961
protan40,protan,40,sky_blue,blue,,,ungrouped,21.274134143858596,23.818752443238544
protan40,protan,40,sky_blue,vermillion,,,ungrouped,48.36846523669057,19.462640869234434
protan40,protan,40,sky_blue,reddish_purple,,,ungrouped,27.90014447589828,11.326188290061438
protan40,protan,40,sky_blue,black,,,ungrouped,61.95681874782203,71.14737146581491
protan40,protan,40,bluish_green,yellow,,,ungrouped,32.84995041258739,29.68480996357448
protan40,protan,40,bluish_green,blue,,,ungrouped,38.58112645261038,11.479780256523675
protan40,protan,40,bluish_green,vermillion,,,ungrouped,32.2955553989268,7.123668682519565
protan40,protan,40,bluish_green,reddish_purple,,,ungrouped,42.42648244968578,1.0127838966534313
protan40,protan,40,bluish_green,black,,,ungrouped,48.73746183834435,58.808399279100044
protan40,protan,40,yellow,blue,,,ungrouped,69.97178480437464,41.164590220098155
protan40,protan,40,yellow,vermillion,,,ungrouped,34.36631307807115,36.808478646094045
protan40,protan,40,yellow,reddish_purple,,,ungrouped,55.55157751315691,28.67202606692105
protan40,protan,40,yellow,black,,,ungrouped,87.58325635343799,88.49320924267452
protan40,protan,40,blue,vermillion,,,ungrouped,47.661233164067134,4.35611157400411
protan40,protan,40,blue,reddish_purple,,,ungrouped,27.84668645958075,12.492564153177106
protan40,protan,40,blue,black,,,ungrouped,40.0484738439022,47.32861902257637
protan40,protan,40,vermillion,reddish_purple,,,ungrouped,40.29188384611124,8.136452579172996
protan40,protan,40,vermillion,black,,,ungrouped,46.09766681215732,51.68473059658048
protan40,protan,40,reddish_purple,black,,,ungrouped,49.7035119695296,59.821183175753475
protan60,protan,60,orange,sky_blue,,,ungrouped,49.21780483493979,3.4606726110659594
protan60,protan,60,orange,bluish_green,,,ungrouped,23.687767059416196,8.991329328402472
protan60,protan,60,orange,yellow,,,ungrouped,15.027555214582396,19.86153493556162
protan60,protan,60,orange,blue,,,ungrouped,55.55189679954903,20.350168726382947
protan60,protan,60,orange,vermillion,,,ungrouped,17.84051757779192,17.98197480069186
protan60,protan,60,orange,reddish_purple,,,ungrouped,46.0280892059404,9.141727150144447
protan60,protan,60,orange,black,,,ungrouped,62.004303486942206,68.32744520663796
protan60,protan,60,sky_blue,bluish_green,,,ungrouped,36.68640850414868,12.452001939468431
protan60,protan,60,sky_blue,yellow,,,ungrouped,59.27630135861539,16.400862324495662
protan60,protan,60,sky_blue,blue,,,ungrouped,21.02892819902866,23.810841337448906
protan60,protan,60,sky_blue,vermillion,,,ungrouped,49.012409832257426,21.442647411757818
protan60,protan,60,sky_blue,reddish_purple,,,ungrouped,21.844825640329084,12.602399761210407
protan60,protan,60,sky_blue,black,,,ungrouped,62.61804217937758,71.78811781770392
protan60,protan,60,bluish_green,yellow,,,ungrouped,30.74046341461068,28.852864263964094
protan60,protan,60,bluish_green,blue,,,ungrouped,39.42621596907619,11.358839397980475
protan60,protan,60,bluish_green,vermillion,,,ungrouped,24.674857545919398,8.990645472289387
protan60,protan,60,bluish_green,reddish_purple,,,ungrouped,35.883786933214346,0.1503978217419757
protan60,protan,60,bluish_green,black,,,ungrouped,48.22298765711651,59.33611587823549
protan60,protan,60,yellow,blue,,,ungrouped,63.665461451413016,40.21170366194457
protan60,protan,60,yellow,vermillion,,,ungrouped,32.39786738059345,37.84350973625348
protan60,protan,60,yellow,reddish_purple,,,ungrouped,53.12813422920946,29.00326208570607
protan60,protan,60,yellow,black,,,ungrouped,87.18968788363492,88.18898014219958
protan60,protan,60,blue,vermillion,,,ungrouped,48.04337382778545,2.368193925691088
protan60,protan,60,blue,reddish_purple,,,ungrouped,22.651981179205347,11.2084415762385
protan60,protan,60,blue,black,,,ungrouped,40.485516863330545,47.977276480255014
protan60,protan,60,vermillion,reddish_purple,,,ungrouped,40.882729323706705,8.840247650547411
protan60,protan,60,vermillion,black,,,ungrouped,44.634126370126125,50.3454704059461
protan60,protan,60,reddish_purple,black,,,ungrouped,48.09358034390797,59.18571805649351
protan80,protan,80,orange,sky_blue,,,ungrouped,49.89943392541842,4.872443215772975
protan80,protan,80,orange,bluish_green,,,ungrouped,19.959539081836862,7.686035063123811
protan80,protan,80,orange,yellow,,,ungrouped,14.855726568698442,20.34596449217797
protan80,protan,80,orange,blue,,,ungrouped,55.62961798631688,18.935277029600115
protan80,protan,80,orange,vermillion,,,ungrouped,17.601026574402574,18.59125688371138
protan80,protan,80,orange,reddish_purple,,,ungrouped,44.555331832669964,9.001753621602887
protan80,protan,80,orange,black,,,ungrouped,61.133186408208815,67.54190944387278
protan80,protan,80,sky_blue,bluish_green,,,ungrouped,37.42931942587081,12.558478278896786
protan80,protan,80,sky_blue,yellow,,,ungrouped,53.04101072698076,15.473521276404995
protan80,protan,80,sky_blue,blue,,,ungrouped,20.864605304869354,23.80772024537309
protan80,protan,80,sky_blue,vermillion,,,ungrouped,50.3494449975819,23.463700099484356
protan80,protan,80,sky_blue,reddish_purple,,,ungrouped,16.85260048087185,13.874196837375862
protan80,protan,80,sky_blue,black,,,ungrouped,63.30515663190825,72.41435265964576
protan80,protan,80,bluish_green,yellow,,,ungrouped,29.055271570376746,28.03199955530178
protan80,protan,80,bluish_green,blue,,,ungrouped,40.219130893326394,11.249241966476305
protan80,protan,80,bluish_green,vermillion,,,ungrouped,19.63309583490096,10.90522182058757
protan80,protan,80,bluish_green,reddish_purple,,,ungrouped,30.61381845549929,1.3157185584790767
protan80,protan,80,bluish_green,black,,,ungrouped,48.23240340927546,59.85587438074897
protan80,protan,80,yellow,blue,,,ungrouped,63.449586774516334,39.281241521778085
protan80,protan,80,yellow,vermillion,,,ungrouped,31.942821437185135,38.93722137588935
protan80,protan,80,yellow,reddish_purple,,,ungrouped,51.14122345827905,29.347718113780857
protan80,protan,80,yellow,black,,,ungrouped,86.80921107893157,87.88787393605075
protan80,protan,80,blue,vermillion,,,ungrouped,48.86681640388382,0.3440201458887344
protan80,protan,80,blue,reddish_purple,,,ungrouped,17.349866266676305,9.933523407997228
protan80,protan,80,blue,black,,,ungrouped,40.917844067478185,48.60663241427267
protan80,protan,80,vermillion,reddish_purple,,,ungrouped,41.002525020735156,9.589503262108494
protan80,protan,80,vermillion,black,,,ungrouped,43.260824538393386,48.9506525601614
protan80,protan,80,reddish_purple,black,,,ungrouped,46.82238042044329,58.540155822269895
protan100,protan,100,orange,sky_blue,,,ungrouped,50.54135854203295,6.2795225738996265
protan100,protan,100,orange,bluish_green,,,ungrouped,17.904869285491607,6.380148291845771
protan100,protan,100,orange,yellow,,,ungrouped,15.166406718729652,20.843137240090215
protan100,protan,100,orange,blue,,,ungrouped,55.648280781038025,17.52912527811627
protan100,protan,100,orange,vermillion,,,ungrouped,18.168211932877558,19.2482216463723
protan100,protan,100,orange,reddish_purple,,,ungrouped,43.37172456895465,8.860271938551733
protan100,protan,100,orange,black,,,ungrouped,60.27060913228606,66.74653699386774
protan100,protan,100,sky_blue,bluish_green,,,ungrouped,35.90570982691543,12.659670865745397
protan100,protan,100,sky_blue,yellow,,,ungrouped,53.31961659818217,14.563614666190588
protan100,protan,100,sky_blue,blue,,,ungrouped,20.74583875290905,23.808647852015895
protan100,protan,100,sky_blue,vermillion,,,ungrouped,52.097488257928674,25.527744220271927
protan100,protan,100,sky_blue,reddish_purple,,,ungrouped,14.040812033634982,15.13979451245136
protan100,protan,100,sky_blue,black,,,ungrouped,63.99683177369807,73.02605956776736
protan100,protan,100,bluish_green,yellow,,,ungrouped,28.047704750379523,27.223285531935986
protan100,protan,100,bluish_green,blue,,,ungrouped,38.43032303110468,11.148976986270497
protan100,protan,100,bluish_green,vermillion,,,ungrouped,18.158596767546182,12.86807335452653
protan100,protan,100,bluish_green,reddish_purple,,,ungrouped,27.86126999647332,2.4801236467059624
protan100,protan,100,bluish_green,black,,,ungrouped,48.65432794625388,60.366388702021965
protan100,protan,100,yellow,blue,,,ungrouped,63.20175710473011,38.37226251820648
protan100,protan,100,yellow,vermillion,,,ungrouped,32.75597714006268,40.091358886462515
protan100,protan,100,yellow,reddish_purple,,,ungrouped,49.85591838892571,29.703409178641948
protan100,protan,100,yellow,black,,,ungrouped,86.44103033222632,87.58967423395795
protan100,protan,100,blue,vermillion,,,ungrouped,49.991786905608414,1.7190963682560323
protan100,protan,100,blue,reddish_purple,,,ungrouped,12.247098798183503,8.668853339564535
protan100,protan,100,blue,black,,,ungrouped,41.341731083872105,49.21741171575147
protan100,protan,100,vermillion,reddish_purple,,,ungrouped,40.94558704659403,10.387949707820567
protan100,protan,100,vermillion,black,,,ungrouped,41.98341062215905,47.498315347495435
protan100,protan,100,reddish_purple,black,,,ungrouped,45.97134342737915,57.886265055316
deutan20,deutan,20,orange,sky_blue,,,ungrouped,55.97834922428572,1.6950779226990562
deutan20,deutan,20,orange,bluish_green,,,ungrouped,35.40411933331581,13.74471620425382
deutan20,deutan,20,orange,yellow,,,ungrouped,16.9617909546445,18.183874427697717
deutan20,deutan,20,orange,blue,,,ungrouped,56.82665442772129,25.54890098113433
deutan20,deutan,20,orange,vermillion,,,ungrouped,18.797070897570553,16.074924901496416
deutan20,deutan,20,orange,reddish_purple,,,ungrouped,47.54018918410927,9.616792740104813
deutan20,deutan,20,orange,black,,,ungrouped,65.17210025595428,71.09572670274086
deutan20,deutan,20,sky_blue,bluish_green,,,ungrouped,34.38382313401491,12.049638281554763
deutan20,deutan,20,sky_blue,yellow,,,ungrouped,59.37008368156803,19.878952350396773
deutan20,deutan,20,sky_blue,blue,,,ungrouped,22.010239603676656,23.853823058435275
deutan20,deutan,20,sky_blue,vermillion,,,ungrouped,48.58898358626683,14.37984697879736
deutan20,deutan,20,sky_blue,reddish_purple,,,ungrouped,34.81469259004407,7.921714817405757
deutan20,deutan,20,sky_blue,black,,,ungrouped,60.25181901525005,69.4006487800418
deutan20,deutan,20,bluish_green,yellow,,,ungrouped,36.19508950896568,31.928590631951536
deutan20,deutan,20,bluish_green,blue,,,ungrouped,37.45071550926318,11.804184776880511
deutan20,deutan,20,bluish_green,vermillion,,,ungrouped,40.3972641244361,2.330208697242597
deutan20,deutan,20,bluish_green,reddish_purple,,,ungrouped,48.72423059519987,4.127923464149006
deutan20,deutan,20,bluish_green,black,,,ungrouped,48.72047520191347,57.35101049848704
deutan20,deutan,20,yellow,blue,,,ungrouped,71.18606619923949,43.73277540883205
deutan20,deutan,20,yellow,vermillion,,,ungrouped,35.33537086022655,34.25879932919413
deutan20,deutan,20,yellow,reddish_purple,,,ungrouped,56.383657656434295,27.80066716780253
deutan20,deutan,20,yellow,black,,,ungrouped,88.62538863724252,89.27960113043858
deutan20,deutan,20,blue,vermillion,,,ungrouped,49.20165910374922,9.473976079637914
deutan20,deutan,20,blue,reddish_purple,,,ungrouped,34.51985250926753,15.932108241029518
deutan20,deutan,20,blue,black,,,ungrouped,38.981566603150306,45.54682572160653
deutan20,deutan,20,vermillion,reddish_purple,,,ungrouped,38.90437668352441,6.458132161391603
deutan20,deutan,20,vermillion,black,,,ungrouped,49.327016334714514,55.020801801244446
deutan20,deutan,20,reddish_purple,black,,,ungrouped,52.2092452096733,61.47893396263605
deutan40,deutan,40,orange,sky_blue,,,ungrouped,50.18115741617454,2.5930510544905303
deutan40,deutan,40,orange,bluish_green,,,ungrouped,30.816091973935475,14.597891932602522
deutan40,deutan,40,orange,yellow,,,ungrouped,14.274351455702941,17.88010218627366
deutan40,deutan,40,orange,blue,,,ungrouped,58.48284077634857,26.45196077314047
deutan40,deutan,40,orange,vermillion,,,ungrouped,15.963545428477998,15.764490639465095
deutan40,deutan,40,orange,reddish_purple,,,ungrouped,45.15713772041696,9.680342165414231
deutan40,deutan,40,orange,black,,,ungrouped,65.65070579653178,71.56894527970046
deutan40,deutan,40,sky_blue,bluish_green,,,ungrouped,34.04795328510479,12.004840878111992
deutan40,deutan,40,sky_blue,yellow,,,ungrouped,60.43399778536503,20.47315324076419
deutan40,deutan,40,sky_blue,blue,,,ungrouped,21.98768978454113,23.85890971864994
deutan40,deutan,40,sky_blue,vermillion,,,ungrouped,48.36563784365603,13.171439584974564
deutan40,deutan,40,sky_blue,reddish_purple,,,ungrouped,27.584994679594203,7.087291110923701
deutan40,deutan,40,sky_blue,black,,,ungrouped,59.765463342935185,68.97589422520993
deutan40,deutan,40,bluish_green,yellow,,,ungrouped,34.980688385123756,32.47799411887618
deutan40,deutan,40,bluish_green,blue,,,ungrouped,36.79978889208052,11.854068840537948
deutan40,deutan,40,bluish_green,vermillion,,,ungrouped,30.86434962162868,1.1665987068625725
deutan40,deutan,40,bluish_green,reddish_purple,,,ungrouped,40.49902155525559,4.917549767188291
deutan40,deutan,40,bluish_green,black,,,ungrouped,46.68373630132876,56.971053347097936
deutan40,deutan,40,yellow,blue,,,ungrouped,71.75267547358916,44.33206295941413
deutan40,deutan,40,yellow,vermillion,,,ungrouped,29.77188318543544,33.644592825738755
deutan40,deutan,40,yellow,reddish_purple,,,ungrouped,51.40435442041018,27.56044435168789
deutan40,deutan,40,yellow,black,,,ungrouped,88.84467539862965,89.44904746597412
deutan40,deutan,40,blue,vermillion,,,ungrouped,50.54579928054364,10.687470133675376
deutan40,deutan,40,blue,reddish_purple,,,ungrouped,30.5986559263494,16.77161860772624
deutan40,deutan,40,blue,black,,,ungrouped,38.788367397990555,45.11698450655999
deutan40,deutan,40,vermillion,reddish_purple,,,ungrouped,39.193681602632346,6.084148474050863
deutan40,deutan,40,vermillion,black,,,ungrouped,49.6187222713169,55.80445464023536
deutan40,deutan,40,reddish_purple,black,,,ungrouped,51.18574026337394,61.88860311428623
deutan60,deutan,60,orange,sky_blue,,,ungrouped,51.62843256259408,3.485765868738582
deutan60,deutan,60,orange,bluish_green,,,ungrouped,28.078786393957245,15.439188342164243
deutan60,deutan,60,orange,yellow,,,ungrouped,12.793387407796805,17.586215336799228
deutan60,deutan,60,orange,blue,,,ungrouped,60.024359489293786,27.353617722428055
deutan60,deutan,60,orange,vermillion,,,ungrouped,14.082681212816327,15.478582684157303
deutan60,deutan,60,orange,reddish_purple,,,ungrouped,42.31712101219029,9.749387842563635
deutan60,deutan,60,orange,black,,,ungrouped,66.140301394398,72.0347385966018
deutan60,deutan,60,sky_blue,bluish_green,,,ungrouped,33.77666649827213,11.953422473425661
deutan60,deutan,60,sky_blue,yellow,,,ungrouped,61.09296869143101,21.07198120553781
deutan60,deutan,60,sky_blue,blue,,,ungrouped,22.09577715277566,23.867851853689473
deutan60,deutan,60,sky_blue,vermillion,,,ungrouped,49.507681201328644,11.99281681541872
deutan60,deutan,60,sky_blue,reddish_purple,,,ungrouped,22.413653906516767,6.263621973825053
deutan60,deutan,60,sky_blue,black,,,ungrouped,59.36409749835919,68.54897272786322
deutan60,deutan,60,bluish_green,yellow,,,ungrouped,34.20383382039286,33.02540367896347
deutan60,deutan,60,bluish_green,blue,,,ungrouped,36.42184164697308,11.914429380263812
deutan60,deutan,60,bluish_green,vermillion,,,ungrouped,24.691746678866238,0.039394341993059356
deutan60,deutan,60,bluish_green,reddish_purple,,,ungrouped,30.749888274055685,5.689800499600608
deutan60,deutan,60,bluish_green,black,,,ungrouped,44.947859375066045,56.595550254437555
deutan60,deutan,60,yellow,blue,,,ungrouped,66.65151160985637,44.93983305922728
deutan60,deutan,60,yellow,vermillion,,,ungrouped,26.447050934555445,33.06479802095653
deutan60,deutan,60,yellow,reddish_purple,,,ungrouped,47.193153393808444,27.335603179362863
deutan60,deutan,60,yellow,black,,,ungrouped,89.07290042287312,89.62095393340103
deutan60,deutan,60,blue,vermillion,,,ungrouped,52.52686773041389,11.875035038270752
deutan60,deutan,60,blue,reddish_purple,,,ungrouped,28.380525843132087,17.60422987986442
deutan60,deutan,60,blue,black,,,ungrouped,38.606779519009756,44.68112087417374
deutan60,deutan,60,vermillion,reddish_purple,,,ungrouped,38.23270547105922,5.729194841593667
deutan60,deutan,60,vermillion,black,,,ungrouped,50.11421553652803,56.556155912444495
deutan60,deutan,60,reddish_purple,black,,,ungrouped,50.409887557322385,62.28535075403816
deutan80,deutan,80,orange,sky_blue,,,ungrouped,53.01034530288909,4.376991576704185
deutan80,deutan,80,orange,bluish_green,,,ungrouped,26.65448514844833,16.27435252586278
deutan80,deutan,80,orange,yellow,,,ungrouped,12.00489098919887,17.299741024094885
deutan80,deutan,80,orange,blue,,,ungrouped,61.417846306692525,28.257103191190794
deutan80,deutan,80,orange,vermillion,,,ungrouped,13.030733932575142,15.21000441155087
deutan80,deutan,80,orange,reddish_purple,,,ungrouped,39.23994714159834,9.821224899202491
deutan80,deutan,80,orange,black,,,ungrouped,66.63517535168612,72.49489287400448
deutan80,deutan,80,sky_blue,bluish_green,,,ungrouped,33.578895677388694,11.897360949158596
deutan80,deutan,80,sky_blue,yellow,,,ungrouped,55.57432394076547,21.67673260079907
deutan80,deutan,80,sky_blue,blue,,,ungrouped,22.26076330706437,23.88011161448661
deutan80,deutan,80,sky_blue,vermillion,,,ungrouped,51.102828225000685,10.833012834846684
deutan80,deutan,80,sky_blue,reddish_purple,,,ungrouped,18.79492607444789,5.444233322498306
deutan80,deutan,80,sky_blue,black,,,ungrouped,58.991278498059884,68.11790129730029
deutan80,deutan,80,bluish_green,yellow,,,ungrouped,33.782240894650705,33.57409354995767
deutan80,deutan,80,bluish_green,blue,,,ungrouped,36.228875851565235,11.982750665328012
deutan80,deutan,80,bluish_green,vermillion,,,ungrouped,21.275710650612066,1.0643481143119118
deutan80,deutan,80,bluish_green,reddish_purple,,,ungrouped,21.537927063331885,6.45312762666029
deutan80,deutan,80,bluish_green,black,,,ungrouped,43.671680430559995,56.2205403481417
deutan80,deutan,80,yellow,blue,,,ungrouped,67.34510125726531,45.55684421528568
deutan80,deutan,80,yellow,vermillion,,,ungrouped,24.65052223427564,32.509745435645755
deutan80,deutan,80,yellow,reddish_purple,,,ungrouped,43.47695263125126,27.120965923297376
deutan80,deutan,80,yellow,black,,,ungrouped,89.30727882665866,89.79463389809936
deutan80,deutan,80,blue,vermillion,,,ungrouped,54.627632158678765,13.047098779639924
deutan80,deutan,80,blue,reddish_purple,,,ungrouped,27.088841528166707,18.435878291988303
deutan80,deutan,80,blue,black,,,ungrouped,38.42274495783524,44.237789682813684
deutan80,deutan,80,vermillion,reddish_purple,,,ungrouped,36.35341437630062,5.388779512348378
deutan80,deutan,80,vermillion,black,,,ungrouped,50.72580018175775,57.28488846245361
deutan80,deutan,80,reddish_purple,black,,,ungrouped,50.02086569763991,62.67366797480199
deutan100,deutan,100,orange,sky_blue,,,ungrouped,54.26032289589611,5.2695044936551625
deutan100,deutan,100,orange,bluish_green,,,ungrouped,26.50363771352245,17.107251174648127
deutan100,deutan,100,orange,yellow,,,ungrouped,11.60519451300075,17.018825314919468
deutan100,deutan,100,orange,blue,,,ungrouped,62.67671399301523,29.164982888653427
deutan100,deutan,100,orange,vermillion,,,ungrouped,12.5064590740375,14.954984895486746
deutan100,deutan,100,orange,reddish_purple,,,ungrouped,36.27409269338911,9.894771704823782
deutan100,deutan,100,orange,black,,,ungrouped,67.13235483850661,72.95093135897451
deutan100,deutan,100,sky_blue,bluish_green,,,ungrouped,32.07155484567406,11.837746680992964
deutan100,deutan,100,sky_blue,yellow,,,ungrouped,56.3543475834343,22.28832980857463
deutan100,deutan,100,sky_blue,blue,,,ungrouped,22.450737366679228,23.895478394998264
deutan100,deutan,100,sky_blue,vermillion,,,ungrouped,52.758204468863006,9.685480401831583
deutan100,deutan,100,sky_blue,reddish_purple,,,ungrouped,15.700443321626105,4.6252672111686195
deutan100,deutan,100,sky_blue,black,,,ungrouped,58.62410779467904,67.68142686531935
deutan100,deutan,100,bluish_green,yellow,,,ungrouped,33.897310836232805,34.126076489567595
deutan100,deutan,100,bluish_green,blue,,,ungrouped,34.61059558999387,12.0577317140053
deutan100,deutan,100,bluish_green,vermillion,,,ungrouped,20.472355714642493,2.152266279161381
deutan100,deutan,100,bluish_green,reddish_purple,,,ungrouped,15.889296513051073,7.212479469824345
deutan100,deutan,100,bluish_green,black,,,ungrouped,42.86997895764803,55.84368018432639
deutan100,deutan,100,yellow,blue,,,ungrouped,67.98100501920136,46.183808203572895
deutan100,deutan,100,yellow,vermillion,,,ungrouped,23.758935919824083,31.973810210406214
deutan100,deutan,100,yellow,reddish_purple,,,ungrouped,40.3261527983466,26.91359701974325
deutan100,deutan,100,yellow,black,,,ungrouped,89.54642074405275,89.96975667389398
deutan100,deutan,100,blue,vermillion,,,ungrouped,56.63704160310098,14.20999799316668
deutan100,deutan,100,blue,reddish_purple,,,ungrouped,25.249686934588127,19.270211183829645
deutan100,deutan,100,blue,black,,,ungrouped,38.2324667653652,43.78594847032109
deutan100,deutan,100,vermillion,reddish_purple,,,ungrouped,34.01436225567166,5.060213190662964
deutan100,deutan,100,vermillion,black,,,ungrouped,51.39469485587,57.99594646348777
deutan100,deutan,100,reddish_purple,black,,,ungrouped,50.05896514666993,63.05615965415073
tritan100,tritan,100,orange,sky_blue,,,ungrouped,53.63805910888041,1.0914853041441432
tritan100,tritan,100,orange,bluish_green,,,ungrouped,55.464616674681366,11.492487832091356
tritan100,tritan,100,orange,yellow,,,ungrouped,18.82632500238609,18.119664704472257
tritan100,tritan,100,orange,blue,,,ungrouped,51.357142465713785,20.992726589461114
tritan100,tritan,100,orange,vermillion,,,ungrouped,15.527690501784633,16.246425334290066
tritan100,tritan,100,orange,reddish_purple,,,ungrouped,10.868192969334409,8.854112963094991
tritan100,tritan,100,orange,black,,,ungrouped,62.68949961541653,70.14559869102031
tritan100,tritan,100,sky_blue,bluish_green,,,ungrouped,12.088623046219146,12.5839731362355
tritan100,tritan,100,sky_blue,yellow,,,ungrouped,39.52899202679125,17.028179400328114
tritan100,tritan,100,sky_blue,blue,,,ungrouped,19.951383825931927,22.084211893605257
tritan100,tritan,100,sky_blue,vermillion,,,ungrouped,62.59570276341467,17.33791063843421
tritan100,tritan,100,sky_blue,reddish_purple,,,ungrouped,65.41236975621186,9.945598267239134
tritan100,tritan,100,sky_blue,black,,,ungrouped,63.63429158798612,71.23708399516445
tritan100,tritan,100,bluish_green,yellow,,,ungrouped,43.570854636789306,29.612152536563613
tritan100,tritan,100,bluish_green,blue,,,ungrouped,12.40017890001652,9.500238757369758
tritan100,tritan,100,bluish_green,vermillion,,,ungrouped,62.72009075104416,4.75393750219871
tritan100,tritan,100,bluish_green,reddish_purple,,,ungrouped,55.41158319830198,2.6383748689963653
tritan100,tritan,100,bluish_green,black,,,ungrouped,50.76400089764652,58.653110858928954
tritan100,tritan,100,yellow,blue,,,ungrouped,47.044486711310455,39.11239129393337
tritan100,tritan,100,yellow,vermillion,,,ungrouped,32.93788481006357,34.36609003876232
tritan100,tritan,100,yellow,reddish_purple,,,ungrouped,25.256040225967656,26.973777667567248
tritan100,tritan,100,yellow,black,,,ungrouped,83.86474853159612,88.26526339549257
tritan100,tritan,100,blue,vermillion,,,ungrouped,65.66771769707744,4.746301255171048
tritan100,tritan,100,blue,reddish_purple,,,ungrouped,56.17106175795866,12.138613626366123
tritan100,tritan,100,blue,black,,,ungrouped,41.45958029840644,49.1528721015592
tritan100,tritan,100,vermillion,reddish_purple,,,ungrouped,13.857393866693029,7.392312371195075
tritan100,tritan,100,vermillion,black,,,ungrouped,48.81785714756401,53.899173356730245
tritan100,tritan,100,reddish_purple,black,,,ungrouped,53.33651713845741,61.29148572792532
grayscale,grayscale,0,orange,sky_blue,,,ungrouped,0.6022056284346625,0.7805203684762034
grayscale,grayscale,0,orange,bluish_green,,,ungrouped,10.695691996791385,12.864545030238162
grayscale,grayscale,0,orange,yellow,,,ungrouped,12.825020469221304,18.506118455890388
grayscale,grayscale,0,orange,blue,,,ungrouped,22.2040763880364,24.634283617434583
grayscale,grayscale,0,orange,vermillion,,,ungrouped,13.975478650692564,16.420202081878344
grayscale,grayscale,0,orange,reddish_purple,,,ungrouped,7.782274674009937,9.5602704001588
grayscale,grayscale,0,orange,black,,,ungrouped,58.31031260450641,70.60762637435987
grayscale,grayscale,0,sky_blue,bluish_green,,,ungrouped,10.09791601321265,12.084024661761958
grayscale,grayscale,0,sky_blue,yellow,,,ungrouped,13.420967710999486,19.28663882436659
grayscale,grayscale,0,sky_blue,blue,,,ungrouped,21.623776296498153,23.85376324895838
grayscale,grayscale,0,sky_blue,vermillion,,,ungrouped,13.381176945450472,15.63968171340214
grayscale,grayscale,0,sky_blue,reddish_purple,,,ungrouped,7.182308151609037,8.779750031682596
grayscale,grayscale,0,sky_blue,black,,,ungrouped,57.37808671629019,69.82710600588366
grayscale,grayscale,0,bluish_green,yellow,,,ungrouped,23.320558019001115,31.37066348612855
grayscale,grayscale,0,bluish_green,blue,,,ungrouped,11.6451926699498,11.769738587196422
grayscale,grayscale,0,bluish_green,vermillion,,,ungrouped,3.318102740638977,3.555657051640182
grayscale,grayscale,0,bluish_green,reddish_purple,,,ungrouped,2.931275881480362,3.3042746300793624
grayscale,grayscale,0,bluish_green,black,,,ungrouped,44.07675607493585,57.743081344121705
grayscale,grayscale,0,yellow,blue,,,ungrouped,34.37486768095288,43.14040207332497
grayscale,grayscale,0,yellow,vermillion,,,ungrouped,26.49858695760843,34.92632053776873
grayscale,grayscale,0,yellow,reddish_purple,,,ungrouped,20.480936909270028,28.066388856049187
grayscale,grayscale,0,yellow,black,,,ungrouped,83.82560284265092,89.11374483025025
grayscale,grayscale,0,blue,vermillion,,,ungrouped,8.213903592735955,8.21408153555624
grayscale,grayscale,0,blue,reddish_purple,,,ungrouped,14.59936378429324,15.074013217275784
grayscale,grayscale,0,blue,black,,,ungrouped,32.8437631906838,45.973342756925284
grayscale,grayscale,0,vermillion,reddish_purple,,,ungrouped,6.244621786337778,6.859931681719544
grayscale,grayscale,0,vermillion,black,,,ungrouped,40.52222327875113,54.18742429248152
grayscale,grayscale,0,reddish_purple,black,,,ungrouped,47.51747257426943,61.04735597420107
