kind,severity,minimum,mean,median,minimum_pair
protan,0,21.72531059043406,48.64481672643193,49.48788386113489,orange/yellow
protan,5,20.649903224962326,47.90781451881712,49.000347491217745,orange/yellow
protan,10,19.599758837964583,47.16699789344237,48.537125217118984,orange/yellow
protan,15,18.778545279662755,46.55334611196978,48.163186298405954,orange/yellow
protan,20,17.989617479004476,45.941335434661866,47.82662336594457,orange/yellow
protan,25,17.37544846729268,45.42931627042807,47.541233462626295,orange/yellow
protan,30,16.79690991089579,44.92020937882796,46.36496776872711,orange/yellow
protan,35,16.352893056673295,44.23156230187779,45.32348341626586,orange/yellow
protan,40,15.945184703199367,43.79328213178208,44.262074630921546,orange/yellow
protan,45,15.641321149200285,43.411586345054694,43.282105863143286,orange/yellow
protan,50,15.372532775520064,43.02714579024056,43.00754170120998,orange/yellow
protan,55,15.183750034775867,42.475259094787596,42.891649950271145,orange/yellow
protan,60,15.027555214582396,42.140915009491735,42.75842784691642,orange/yellow
protan,65,14.932696757416437,41.85026833483851,42.61698707270783,orange/yellow
protan,70,14.867257712002402,41.56808351374071,42.46034858652831,orange/yellow
protan,75,14.848478083038362,41.3291755254196,42.3015843288777,orange/yellow
protan,80,14.855726568698442,40.88545784198343,42.13167477956427,orange/yellow
protan,85,14.898211571197468,40.7118898591454,41.978495252386935,orange/yellow
protan,90,14.6693376108708,40.56550063473197,41.87020437765927,blue/reddish_purple
protan,95,13.426512336603226,40.39710465367007,41.76482922233164,blue/reddish_purple
protan,100,12.247098798183503,40.2523436266492,41.66257085301558,blue/reddish_purple
deutan,0,21.72531059043406,48.64481672643193,49.48788386113489,orange/yellow
deutan,5,20.347355103856806,47.84900646047407,49.29614724523773,orange/yellow
deutan,10,19.010745690641723,47.05259903197583,48.754907230030476,orange/yellow
deutan,15,17.96367020424239,46.418776349532756,48.55732026341877,orange/yellow
deutan,20,16.9617909546445,45.79506752233651,48.06458638518805,orange/yellow
deutan,25,16.169385043460395,45.297202612777696,46.759158155460625,orange/yellow
deutan,30,15.422843041965185,44.80783459232423,45.41589791257824,orange/yellow
deutan,35,14.828850027866343,44.133019637153964,44.21411914418357,orange/yellow
deutan,40,14.274351455702941,43.722989545159756,42.828079637836275,orange/yellow
deutan,45,13.830571724094016,43.372401311199425,41.78081514450222,orange/yellow
deutan,50,13.42149365108149,42.81327149259781,41.311654988902546,orange/yellow
deutan,55,13.092612796032302,42.51216632823003,40.86445825717196,orange/yellow
deutan,60,12.793387407796805,42.2130957941301,40.461950265600024,orange/yellow
deutan,65,12.551921149596794,41.960277745427256,40.07321597613209,orange/yellow
deutan,70,12.335278552472065,41.7145573179972,39.656624078718686,orange/yellow
deutan,75,12.15984646241565,41.291995886778984,39.25569366770118,orange/yellow
deutan,80,12.00489098919887,41.1004295941559,38.83134604971679,orange/yellow
deutan,85,11.878960732580236,40.942447201566615,38.427723460336196,orange/yellow
deutan,90,11.769762197949635,40.794237279306095,38.01180168480822,orange/yellow
deutan,95,11.680678796557096,40.676135660842725,37.628440350551415,orange/yellow
deutan,100,11.60519451300075,40.49490859844936,37.253279729377155,orange/yellow
