condition,kind,severity,minimum,minimum_pair,maximum,mean,median,std,q10,pair_count,minimum_within_group,minimum_between_group,below_5_count,below_5_fraction,below_10_count,below_10_fraction,below_15_count,below_15_fraction,below_20_count,below_20_fraction
normal,normal,0,21.72531059043406,orange/yellow,88.4206432242728,48.64481672643193,49.48788386113489,14.603884582551775,30.978465726492328,28,,,0,0.0,0,0.0,0,0.0,0,0.0
protan20,protan,20,17.989617479004476,orange/yellow,87.99218061260666,45.941335434661866,47.82662336594457,15.063051560216268,30.075646592258543,28,,,0,0.0,0,0.0,0,0.0,1,0.03571428571428571
protan40,protan,40,15.945184703199367,orange/yellow,87.58325635343799,43.79328213178208,44.262074630921546,15.858846525970755,25.874920764864104,28,,,0,0.0,0,0.0,0,0.0,2,0.07142857142857142
protan60,protan,60,15.027555214582396,orange/yellow,87.18968788363492,42.140915009491735,42.75842784691642,16.519291191224955,21.600056407938958,28,,,0,0.0,0,0.0,0,0.0,2,0.07142857142857142
protan80,protan,80,14.855726568698442,orange/yellow,86.80921107893157,40.88545784198343,42.13167477956427,17.2413213269804,17.525678482084693,28,,,0,0.0,0,0.0,1,0.03571428571428571,6,0.21428571428571427
protan100,protan,100,12.247098798183503,blue/reddish_purple,86.44103033222632,40.2523436266492,41.66257085301558,17.849210296604774,17.08333051546302,28,,,0,0.0,0,0.0,2,0.07142857142857142,6,0.21428571428571427
deutan20,deutan,20,16.9617909546445,orange/yellow,88.62538863724252,45.79506752233651,48.06458638518805,15.451191813958395,30.671748074913438,28,,,0,0.0,0,0.0,0,0.0,2,0.07142857142857142
deutan40,deutan,40,14.274351455702941,orange/yellow,88.84467539862965,43.722989545159756,42.828079637836275,16.550488890871694,25.905803211078283,28,,,0,0.0,0,0.0,1,0.03571428571428571,2,0.07142857142857142
deutan60,deutan,60,12.793387407796805,orange/yellow,89.07290042287312,42.2130957941301,40.461950265600024,17.39554361521293,22.318290880394436,28,,,0,0.0,0,0.0,2,0.07142857142857142,2,0.07142857142857142
deutan80,deutan,80,12.00489098919887,orange/yellow,89.30727882665866,41.1004295941559,38.83134604971679,18.24605069957715,20.531475277762812,28,,,0,0.0,0,0.0,2,0.07142857142857142,3,0.10714285714285714
deutan100,deutan,100,11.60519451300075,orange/yellow,89.54642074405275,40.49490859844936,37.253279729377155,19.129884766787008,15.832640555623582,28,,,0,0.0,0,0.0,2,0.07142857142857142,4,0.14285714285714285
tritan100,tritan,100,10.868192969334409,orange/reddish_purple,83.86474853159612,43.74510306834447,49.79092902260527,20.01326063031816,13.420229376690076,28,,,0,0.0,0,0.0,4,0.14285714285714285,7,0.25
grayscale,grayscale,0,0.6022056284346625,orange/sky_blue,83.82560284265092,23.21044715104687,14.287421217492902,19.718200819082163,5.3666660726281386,28,,,3,0.10714285714285714,7,0.25,15,0.5357142857142857,15,0.5357142857142857
